date,name,category,value
1898-01-01,Juventus,,0
1898-01-01,Inter,,0
1898-01-01,Milan,,0
1898-01-01,Genoa,,1
1898-01-01,Bologna,,0
1898-01-01,Torino,,0
1898-01-01,Pro Vercelli,,0
1898-01-01,Roma,,0
1898-01-01,Napoli,,0
1898-01-01,Lazio,,0
1898-01-01,Fiorentina,,0
1898-01-01,Sampdoria,,0
1898-01-01,Hellas Verona,,0
1898-01-01,Cagliari,,0
1898-01-01,Casale,,0
1898-01-01,Novese,,0
,,,
1899-01-09,Juventus,,0
1899-01-09,Inter,,0
1899-01-09,Milan,,0
1899-01-09,Genoa,,2
1899-01-09,Bologna,,0
1899-01-09,Torino,,0
1899-01-09,Pro Vercelli,,0
1899-01-09,Roma,,0
1899-01-09,Napoli,,0
1899-01-09,Lazio,,0
1899-01-09,Fiorentina,,0
1899-01-09,Sampdoria,,0
1899-01-09,Hellas Verona,,0
1899-01-09,Cagliari,,0
1899-01-09,Casale,,0
1899-01-09,Novese,,0
,,,
1900-01-01,Juventus,,0
1900-01-01,Inter,,0
1900-01-01,Milan,,0
1900-01-01,Genoa,,3
1900-01-01,Bologna,,0
1900-01-01,Torino,,0
1900-01-01,Pro Vercelli,,0
1900-01-01,Roma,,0
1900-01-01,Napoli,,0
1900-01-01,Lazio,,0
1900-01-01,Fiorentina,,0
1900-01-01,Sampdoria,,0
1900-01-01,Hellas Verona,,0
1900-01-01,Cagliari,,0
1900-01-01,Casale,,0
1900-01-01,Novese,,0
,,,
1901-01-01,Juventus,,0
1901-01-01,Inter,,0
1901-01-01,Milan,,1
1901-01-01,Genoa,,3
1901-01-01,Bologna,,0
1901-01-01,Torino,,0
1901-01-01,Pro Vercelli,,0
1901-01-01,Roma,,0
1901-01-01,Napoli,,0
1901-01-01,Lazio,,0
1901-01-01,Fiorentina,,0
1901-01-01,Sampdoria,,0
1901-01-01,Hellas Verona,,0
1901-01-01,Cagliari,,0
1901-01-01,Casale,,0
1901-01-01,Novese,,0
,,,
1902-01-01,Juventus,,0
1902-01-01,Inter,,0
1902-01-01,Milan,,1
1902-01-01,Genoa,,4
1902-01-01,Bologna,,0
1902-01-01,Torino,,0
1902-01-01,Pro Vercelli,,0
1902-01-01,Roma,,0
1902-01-01,Napoli,,0
1902-01-01,Lazio,,0
1902-01-01,Fiorentina,,0
1902-01-01,Sampdoria,,0
1902-01-01,Hellas Verona,,0
1902-01-01,Cagliari,,0
1902-01-01,Casale,,0
1902-01-01,Novese,,0
,,,
1903-01-01,Juventus,,0
1903-01-01,Inter,,0
1903-01-01,Milan,,1
1903-01-01,Genoa,,5
1903-01-01,Bologna,,0
1903-01-01,Torino,,0
1903-01-01,Pro Vercelli,,0
1903-01-01,Roma,,0
1903-01-01,Napoli,,0
1903-01-01,Lazio,,0
1903-01-01,Fiorentina,,0
1903-01-01,Sampdoria,,0
1903-01-01,Hellas Verona,,0
1903-01-01,Cagliari,,0
1903-01-01,Casale,,0
1903-01-01,Novese,,0
,,,
1904-01-01,Juventus,,0
1904-01-01,Inter,,0
1904-01-01,Milan,,1
1904-01-01,Genoa,,6
1904-01-01,Bologna,,0
1904-01-01,Torino,,0
1904-01-01,Pro Vercelli,,0
1904-01-01,Roma,,0
1904-01-01,Napoli,,0
1904-01-01,Lazio,,0
1904-01-01,Fiorentina,,0
1904-01-01,Sampdoria,,0
1904-01-01,Hellas Verona,,0
1904-01-01,Cagliari,,0
1904-01-01,Casale,,0
1904-01-01,Novese,,0
,,,
1905-01-01,Juventus,,1
1905-01-01,Inter,,0
1905-01-01,Milan,,1
1905-01-01,Genoa,,6
1905-01-01,Bologna,,0
1905-01-01,Torino,,0
1905-01-01,Pro Vercelli,,0
1905-01-01,Roma,,0
1905-01-01,Napoli,,0
1905-01-01,Lazio,,0
1905-01-01,Fiorentina,,0
1905-01-01,Sampdoria,,0
1905-01-01,Hellas Verona,,0
1905-01-01,Cagliari,,0
1905-01-01,Casale,,0
1905-01-01,Novese,,0
,,,
1906-01-01,Juventus,,1
1906-01-01,Inter,,0
1906-01-01,Milan,,2
1906-01-01,Genoa,,6
1906-01-01,Bologna,,0
1906-01-01,Torino,,0
1906-01-01,Pro Vercelli,,0
1906-01-01,Roma,,0
1906-01-01,Napoli,,0
1906-01-01,Lazio,,0
1906-01-01,Fiorentina,,0
1906-01-01,Sampdoria,,0
1906-01-01,Hellas Verona,,0
1906-01-01,Cagliari,,0
1906-01-01,Casale,,0
1906-01-01,Novese,,0
,,,
1907-01-01,Juventus,,1
1907-01-01,Inter,,0
1907-01-01,Milan,,3
1907-01-01,Genoa,,6
1907-01-01,Bologna,,0
1907-01-01,Torino,,0
1907-01-01,Pro Vercelli,,0
1907-01-01,Roma,,0
1907-01-01,Napoli,,0
1907-01-01,Lazio,,0
1907-01-01,Fiorentina,,0
1907-01-01,Sampdoria,,0
1907-01-01,Hellas Verona,,0
1907-01-01,Cagliari,,0
1907-01-01,Casale,,0
1907-01-01,Novese,,0
,,,
1908-01-01,Juventus,,1
1908-01-01,Inter,,0
1908-01-01,Milan,,3
1908-01-01,Genoa,,6
1908-01-01,Bologna,,0
1908-01-01,Torino,,0
1908-01-01,Pro Vercelli,,1
1908-01-01,Roma,,0
1908-01-01,Napoli,,0
1908-01-01,Lazio,,0
1908-01-01,Fiorentina,,0
1908-01-01,Sampdoria,,0
1908-01-01,Hellas Verona,,0
1908-01-01,Cagliari,,0
1908-01-01,Casale,,0
1908-01-01,Novese,,0
,,,
1909-01-01,Juventus,,1
1909-01-01,Inter,,0
1909-01-01,Milan,,3
1909-01-01,Genoa,,6
1909-01-01,Bologna,,0
1909-01-01,Torino,,0
1909-01-01,Pro Vercelli,,2
1909-01-01,Roma,,0
1909-01-01,Napoli,,0
1909-01-01,Lazio,,0
1909-01-01,Fiorentina,,0
1909-01-01,Sampdoria,,0
1909-01-01,Hellas Verona,,0
1909-01-01,Cagliari,,0
1909-01-01,Casale,,0
1909-01-01,Novese,,0
,,,
1910-01-01,Juventus,,1
1910-01-01,Inter,,1
1910-01-01,Milan,,3
1910-01-01,Genoa,,6
1910-01-01,Bologna,,0
1910-01-01,Torino,,0
1910-01-01,Pro Vercelli,,2
1910-01-01,Roma,,0
1910-01-01,Napoli,,0
1910-01-01,Lazio,,0
1910-01-01,Fiorentina,,0
1910-01-01,Sampdoria,,0
1910-01-01,Hellas Verona,,0
1910-01-01,Cagliari,,0
1910-01-01,Casale,,0
1910-01-01,Novese,,0
,,,
1911-01-01,Juventus,,1
1911-01-01,Inter,,1
1911-01-01,Milan,,3
1911-01-01,Genoa,,6
1911-01-01,Bologna,,0
1911-01-01,Torino,,0
1911-01-01,Pro Vercelli,,3
1911-01-01,Roma,,0
1911-01-01,Napoli,,0
1911-01-01,Lazio,,0
1911-01-01,Fiorentina,,0
1911-01-01,Sampdoria,,0
1911-01-01,Hellas Verona,,0
1911-01-01,Cagliari,,0
1911-01-01,Casale,,0
1911-01-01,Novese,,0
,,,
1912-01-01,Juventus,,1
1912-01-01,Inter,,1
1912-01-01,Milan,,3
1912-01-01,Genoa,,6
1912-01-01,Bologna,,0
1912-01-01,Torino,,0
1912-01-01,Pro Vercelli,,4
1912-01-01,Roma,,0
1912-01-01,Napoli,,0
1912-01-01,Lazio,,0
1912-01-01,Fiorentina,,0
1912-01-01,Sampdoria,,0
1912-01-01,Hellas Verona,,0
1912-01-01,Cagliari,,0
1912-01-01,Casale,,0
1912-01-01,Novese,,0
,,,
1913-01-01,Juventus,,1
1913-01-01,Inter,,1
1913-01-01,Milan,,3
1913-01-01,Genoa,,6
1913-01-01,Bologna,,0
1913-01-01,Torino,,0
1913-01-01,Pro Vercelli,,5
1913-01-01,Roma,,0
1913-01-01,Napoli,,0
1913-01-01,Lazio,,0
1913-01-01,Fiorentina,,0
1913-01-01,Sampdoria,,0
1913-01-01,Hellas Verona,,0
1913-01-01,Cagliari,,0
1913-01-01,Casale,,0
1913-01-01,Novese,,0
,,,
1914-01-01,Juventus,,1
1914-01-01,Inter,,1
1914-01-01,Milan,,3
1914-01-01,Genoa,,6
1914-01-01,Bologna,,0
1914-01-01,Torino,,0
1914-01-01,Pro Vercelli,,5
1914-01-01,Roma,,0
1914-01-01,Napoli,,0
1914-01-01,Lazio,,0
1914-01-01,Fiorentina,,0
1914-01-01,Sampdoria,,0
1914-01-01,Hellas Verona,,0
1914-01-01,Cagliari,,0
1914-01-01,Casale,,1
1914-01-01,Novese,,0
,,,
1915-01-01,Juventus,,1
1915-01-01,Inter,,1
1915-01-01,Milan,,3
1915-01-01,Genoa,,7
1915-01-01,Bologna,,0
1915-01-01,Torino,,0
1915-01-01,Pro Vercelli,,5
1915-01-01,Roma,,0
1915-01-01,Napoli,,0
1915-01-01,Lazio,,0
1915-01-01,Fiorentina,,0
1915-01-01,Sampdoria,,0
1915-01-01,Hellas Verona,,0
1915-01-01,Cagliari,,0
1915-01-01,Casale,,1
1915-01-01,Novese,,0
,,,
1920-01-01,Juventus,,1
1920-01-01,Inter,,2
1920-01-01,Milan,,3
1920-01-01,Genoa,,7
1920-01-01,Bologna,,0
1920-01-01,Torino,,0
1920-01-01,Pro Vercelli,,5
1920-01-01,Roma,,0
1920-01-01,Napoli,,0
1920-01-01,Lazio,,0
1920-01-01,Fiorentina,,0
1920-01-01,Sampdoria,,0
1920-01-01,Hellas Verona,,0
1920-01-01,Cagliari,,0
1920-01-01,Casale,,1
1920-01-01,Novese,,0
,,,
1921-01-01,Juventus,,1
1921-01-01,Inter,,2
1921-01-01,Milan,,3
1921-01-01,Genoa,,7
1921-01-01,Bologna,,0
1921-01-01,Torino,,0
1921-01-01,Pro Vercelli,,6
1921-01-01,Roma,,0
1921-01-01,Napoli,,0
1921-01-01,Lazio,,0
1921-01-01,Fiorentina,,0
1921-01-01,Sampdoria,,0
1921-01-01,Hellas Verona,,0
1921-01-01,Cagliari,,0
1921-01-01,Casale,,1
1921-01-01,Novese,,0
,,,
1922-01-01,Juventus,,1
1922-01-01,Inter,,2
1922-01-01,Milan,,3
1922-01-01,Genoa,,7
1922-01-01,Bologna,,0
1922-01-01,Torino,,0
1922-01-01,Pro Vercelli,,7
1922-01-01,Roma,,0
1922-01-01,Napoli,,0
1922-01-01,Lazio,,0
1922-01-01,Fiorentina,,0
1922-01-01,Sampdoria,,0
1922-01-01,Hellas Verona,,0
1922-01-01,Cagliari,,0
1922-01-01,Casale,,1
1922-01-01,Novese,,1
,,,
1923-01-01,Juventus,,1
1923-01-01,Inter,,2
1923-01-01,Milan,,3
1923-01-01,Genoa,,8
1923-01-01,Bologna,,0
1923-01-01,Torino,,0
1923-01-01,Pro Vercelli,,7
1923-01-01,Roma,,0
1923-01-01,Napoli,,0
1923-01-01,Lazio,,0
1923-01-01,Fiorentina,,0
1923-01-01,Sampdoria,,0
1923-01-01,Hellas Verona,,0
1923-01-01,Cagliari,,0
1923-01-01,Casale,,1
1923-01-01,Novese,,1
,,,
1924-01-01,Juventus,,1
1924-01-01,Inter,,2
1924-01-01,Milan,,3
1924-01-01,Genoa,,9
1924-01-01,Bologna,,0
1924-01-01,Torino,,0
1924-01-01,Pro Vercelli,,7
1924-01-01,Roma,,0
1924-01-01,Napoli,,0
1924-01-01,Lazio,,0
1924-01-01,Fiorentina,,0
1924-01-01,Sampdoria,,0
1924-01-01,Hellas Verona,,0
1924-01-01,Cagliari,,0
1924-01-01,Casale,,1
1924-01-01,Novese,,1
,,,
1925-01-01,Juventus,,1
1925-01-01,Inter,,2
1925-01-01,Milan,,3
1925-01-01,Genoa,,9
1925-01-01,Bologna,,1
1925-01-01,Torino,,0
1925-01-01,Pro Vercelli,,7
1925-01-01,Roma,,0
1925-01-01,Napoli,,0
1925-01-01,Lazio,,0
1925-01-01,Fiorentina,,0
1925-01-01,Sampdoria,,0
1925-01-01,Hellas Verona,,0
1925-01-01,Cagliari,,0
1925-01-01,Casale,,1
1925-01-01,Novese,,1
,,,
1926-01-01,Juventus,,2
1926-01-01,Inter,,2
1926-01-01,Milan,,3
1926-01-01,Genoa,,9
1926-01-01,Bologna,,1
1926-01-01,Torino,,0
1926-01-01,Pro Vercelli,,7
1926-01-01,Roma,,0
1926-01-01,Napoli,,0
1926-01-01,Lazio,,0
1926-01-01,Fiorentina,,0
1926-01-01,Sampdoria,,0
1926-01-01,Hellas Verona,,0
1926-01-01,Cagliari,,0
1926-01-01,Casale,,1
1926-01-01,Novese,,1
,,,
1927-01-01,Juventus,,2
1927-01-01,Inter,,2
1927-01-01,Milan,,3
1927-01-01,Genoa,,9
1927-01-01,Bologna,,1
1927-01-01,Torino,,0
1927-01-01,Pro Vercelli,,7
1927-01-01,Roma,,0
1927-01-01,Napoli,,0
1927-01-01,Lazio,,0
1927-01-01,Fiorentina,,0
1927-01-01,Sampdoria,,0
1927-01-01,Hellas Verona,,0
1927-01-01,Cagliari,,0
1927-01-01,Casale,,1
1927-01-01,Novese,,1
,,,
1928-01-01,Juventus,,2
1928-01-01,Inter,,2
1928-01-01,Milan,,3
1928-01-01,Genoa,,9
1928-01-01,Bologna,,1
1928-01-01,Torino,,1
1928-01-01,Pro Vercelli,,7
1928-01-01,Roma,,0
1928-01-01,Napoli,,0
1928-01-01,Lazio,,0
1928-01-01,Fiorentina,,0
1928-01-01,Sampdoria,,0
1928-01-01,Hellas Verona,,0
1928-01-01,Cagliari,,0
1928-01-01,Casale,,1
1928-01-01,Novese,,1
,,,
1929-01-01,Juventus,,2
1929-01-01,Inter,,2
1929-01-01,Milan,,3
1929-01-01,Genoa,,9
1929-01-01,Bologna,,2
1929-01-01,Torino,,1
1929-01-01,Pro Vercelli,,7
1929-01-01,Roma,,0
1929-01-01,Napoli,,0
1929-01-01,Lazio,,0
1929-01-01,Fiorentina,,0
1929-01-01,Sampdoria,,0
1929-01-01,Hellas Verona,,0
1929-01-01,Cagliari,,0
1929-01-01,Casale,,1
1929-01-01,Novese,,1
,,,
1930-01-01,Juventus,,2
1930-01-01,Inter,,3
1930-01-01,Milan,,3
1930-01-01,Genoa,,9
1930-01-01,Bologna,,2
1930-01-01,Torino,,1
1930-01-01,Pro Vercelli,,7
1930-01-01,Roma,,0
1930-01-01,Napoli,,0
1930-01-01,Lazio,,0
1930-01-01,Fiorentina,,0
1930-01-01,Sampdoria,,0
1930-01-01,Hellas Verona,,0
1930-01-01,Cagliari,,0
1930-01-01,Casale,,1
1930-01-01,Novese,,1
,,,
1931-01-01,Juventus,,3
1931-01-01,Inter,,3
1931-01-01,Milan,,3
1931-01-01,Genoa,,9
1931-01-01,Bologna,,2
1931-01-01,Torino,,1
1931-01-01,Pro Vercelli,,7
1931-01-01,Roma,,0
1931-01-01,Napoli,,0
1931-01-01,Lazio,,0
1931-01-01,Fiorentina,,0
1931-01-01,Sampdoria,,0
1931-01-01,Hellas Verona,,0
1931-01-01,Cagliari,,0
1931-01-01,Casale,,1
1931-01-01,Novese,,1
,,,
1932-01-01,Juventus,,4
1932-01-01,Inter,,3
1932-01-01,Milan,,3
1932-01-01,Genoa,,9
1932-01-01,Bologna,,2
1932-01-01,Torino,,1
1932-01-01,Pro Vercelli,,7
1932-01-01,Roma,,0
1932-01-01,Napoli,,0
1932-01-01,Lazio,,0
1932-01-01,Fiorentina,,0
1932-01-01,Sampdoria,,0
1932-01-01,Hellas Verona,,0
1932-01-01,Cagliari,,0
1932-01-01,Casale,,1
1932-01-01,Novese,,1
,,,
1933-01-01,Juventus,,5
1933-01-01,Inter,,3
1933-01-01,Milan,,3
1933-01-01,Genoa,,9
1933-01-01,Bologna,,2
1933-01-01,Torino,,1
1933-01-01,Pro Vercelli,,7
1933-01-01,Roma,,0
1933-01-01,Napoli,,0
1933-01-01,Lazio,,0
1933-01-01,Fiorentina,,0
1933-01-01,Sampdoria,,0
1933-01-01,Hellas Verona,,0
1933-01-01,Cagliari,,0
1933-01-01,Casale,,1
1933-01-01,Novese,,1
,,,
1934-01-01,Juventus,,6
1934-01-01,Inter,,3
1934-01-01,Milan,,3
1934-01-01,Genoa,,9
1934-01-01,Bologna,,2
1934-01-01,Torino,,1
1934-01-01,Pro Vercelli,,7
1934-01-01,Roma,,0
1934-01-01,Napoli,,0
1934-01-01,Lazio,,0
1934-01-01,Fiorentina,,0
1934-01-01,Sampdoria,,0
1934-01-01,Hellas Verona,,0
1934-01-01,Cagliari,,0
1934-01-01,Casale,,1
1934-01-01,Novese,,1
,,,
1935-01-01,Juventus,,7
1935-01-01,Inter,,3
1935-01-01,Milan,,3
1935-01-01,Genoa,,9
1935-01-01,Bologna,,2
1935-01-01,Torino,,1
1935-01-01,Pro Vercelli,,7
1935-01-01,Roma,,0
1935-01-01,Napoli,,0
1935-01-01,Lazio,,0
1935-01-01,Fiorentina,,0
1935-01-01,Sampdoria,,0
1935-01-01,Hellas Verona,,0
1935-01-01,Cagliari,,0
1935-01-01,Casale,,1
1935-01-01,Novese,,1
,,,
1936-01-01,Juventus,,7
1936-01-01,Inter,,3
1936-01-01,Milan,,3
1936-01-01,Genoa,,9
1936-01-01,Bologna,,3
1936-01-01,Torino,,1
1936-01-01,Pro Vercelli,,7
1936-01-01,Roma,,0
1936-01-01,Napoli,,0
1936-01-01,Lazio,,0
1936-01-01,Fiorentina,,0
1936-01-01,Sampdoria,,0
1936-01-01,Hellas Verona,,0
1936-01-01,Cagliari,,0
1936-01-01,Casale,,1
1936-01-01,Novese,,1
,,,
1937-01-01,Juventus,,7
1937-01-01,Inter,,3
1937-01-01,Milan,,3
1937-01-01,Genoa,,9
1937-01-01,Bologna,,4
1937-01-01,Torino,,1
1937-01-01,Pro Vercelli,,7
1937-01-01,Roma,,0
1937-01-01,Napoli,,0
1937-01-01,Lazio,,0
1937-01-01,Fiorentina,,0
1937-01-01,Sampdoria,,0
1937-01-01,Hellas Verona,,0
1937-01-01,Cagliari,,0
1937-01-01,Casale,,1
1937-01-01,Novese,,1
,,,
1938-01-01,Juventus,,7
1938-01-01,Inter,,4
1938-01-01,Milan,,3
1938-01-01,Genoa,,9
1938-01-01,Bologna,,4
1938-01-01,Torino,,1
1938-01-01,Pro Vercelli,,7
1938-01-01,Roma,,0
1938-01-01,Napoli,,0
1938-01-01,Lazio,,0
1938-01-01,Fiorentina,,0
1938-01-01,Sampdoria,,0
1938-01-01,Hellas Verona,,0
1938-01-01,Cagliari,,0
1938-01-01,Casale,,1
1938-01-01,Novese,,1
,,,
1939-01-01,Juventus,,7
1939-01-01,Inter,,4
1939-01-01,Milan,,3
1939-01-01,Genoa,,9
1939-01-01,Bologna,,5
1939-01-01,Torino,,1
1939-01-01,Pro Vercelli,,7
1939-01-01,Roma,,0
1939-01-01,Napoli,,0
1939-01-01,Lazio,,0
1939-01-01,Fiorentina,,0
1939-01-01,Sampdoria,,0
1939-01-01,Hellas Verona,,0
1939-01-01,Cagliari,,0
1939-01-01,Casale,,1
1939-01-01,Novese,,1
,,,
1940-01-01,Juventus,,7
1940-01-01,Inter,,5
1940-01-01,Milan,,3
1940-01-01,Genoa,,9
1940-01-01,Bologna,,5
1940-01-01,Torino,,1
1940-01-01,Pro Vercelli,,7
1940-01-01,Roma,,0
1940-01-01,Napoli,,0
1940-01-01,Lazio,,0
1940-01-01,Fiorentina,,0
1940-01-01,Sampdoria,,0
1940-01-01,Hellas Verona,,0
1940-01-01,Cagliari,,0
1940-01-01,Casale,,1
1940-01-01,Novese,,1
,,,
1941-01-01,Juventus,,7
1941-01-01,Inter,,5
1941-01-01,Milan,,3
1941-01-01,Genoa,,9
1941-01-01,Bologna,,6
1941-01-01,Torino,,1
1941-01-01,Pro Vercelli,,7
1941-01-01,Roma,,0
1941-01-01,Napoli,,0
1941-01-01,Lazio,,0
1941-01-01,Fiorentina,,0
1941-01-01,Sampdoria,,0
1941-01-01,Hellas Verona,,0
1941-01-01,Cagliari,,0
1941-01-01,Casale,,1
1941-01-01,Novese,,1
,,,
1942-01-01,Juventus,,7
1942-01-01,Inter,,5
1942-01-01,Milan,,3
1942-01-01,Genoa,,9
1942-01-01,Bologna,,6
1942-01-01,Torino,,1
1942-01-01,Pro Vercelli,,7
1942-01-01,Roma,,1
1942-01-01,Napoli,,0
1942-01-01,Lazio,,0
1942-01-01,Fiorentina,,0
1942-01-01,Sampdoria,,0
1942-01-01,Hellas Verona,,0
1942-01-01,Cagliari,,0
1942-01-01,Casale,,1
1942-01-01,Novese,,1
,,,
1943-01-01,Juventus,,7
1943-01-01,Inter,,5
1943-01-01,Milan,,3
1943-01-01,Genoa,,9
1943-01-01,Bologna,,6
1943-01-01,Torino,,2
1943-01-01,Pro Vercelli,,7
1943-01-01,Roma,,1
1943-01-01,Napoli,,0
1943-01-01,Lazio,,0
1943-01-01,Fiorentina,,0
1943-01-01,Sampdoria,,0
1943-01-01,Hellas Verona,,0
1943-01-01,Cagliari,,0
1943-01-01,Casale,,1
1943-01-01,Novese,,1
,,,
1946-01-01,Juventus,,7
1946-01-01,Inter,,5
1946-01-01,Milan,,3
1946-01-01,Genoa,,9
1946-01-01,Bologna,,6
1946-01-01,Torino,,3
1946-01-01,Pro Vercelli,,7
1946-01-01,Roma,,1
1946-01-01,Napoli,,0
1946-01-01,Lazio,,0
1946-01-01,Fiorentina,,0
1946-01-01,Sampdoria,,0
1946-01-01,Hellas Verona,,0
1946-01-01,Cagliari,,0
1946-01-01,Casale,,1
1946-01-01,Novese,,1
,,,
1947-01-01,Juventus,,7
1947-01-01,Inter,,5
1947-01-01,Milan,,3
1947-01-01,Genoa,,9
1947-01-01,Bologna,,6
1947-01-01,Torino,,4
1947-01-01,Pro Vercelli,,7
1947-01-01,Roma,,1
1947-01-01,Napoli,,0
1947-01-01,Lazio,,0
1947-01-01,Fiorentina,,0
1947-01-01,Sampdoria,,0
1947-01-01,Hellas Verona,,0
1947-01-01,Cagliari,,0
1947-01-01,Casale,,1
1947-01-01,Novese,,1
,,,
1948-01-01,Juventus,,7
1948-01-01,Inter,,5
1948-01-01,Milan,,3
1948-01-01,Genoa,,9
1948-01-01,Bologna,,6
1948-01-01,Torino,,5
1948-01-01,Pro Vercelli,,7
1948-01-01,Roma,,1
1948-01-01,Napoli,,0
1948-01-01,Lazio,,0
1948-01-01,Fiorentina,,0
1948-01-01,Sampdoria,,0
1948-01-01,Hellas Verona,,0
1948-01-01,Cagliari,,0
1948-01-01,Casale,,1
1948-01-01,Novese,,1
,,,
1949-01-01,Juventus,,7
1949-01-01,Inter,,5
1949-01-01,Milan,,3
1949-01-01,Genoa,,9
1949-01-01,Bologna,,6
1949-01-01,Torino,,6
1949-01-01,Pro Vercelli,,7
1949-01-01,Roma,,1
1949-01-01,Napoli,,0
1949-01-01,Lazio,,0
1949-01-01,Fiorentina,,0
1949-01-01,Sampdoria,,0
1949-01-01,Hellas Verona,,0
1949-01-01,Cagliari,,0
1949-01-01,Casale,,1
1949-01-01,Novese,,1
,,,
1950-01-01,Juventus,,8
1950-01-01,Inter,,5
1950-01-01,Milan,,3
1950-01-01,Genoa,,9
1950-01-01,Bologna,,6
1950-01-01,Torino,,6
1950-01-01,Pro Vercelli,,7
1950-01-01,Roma,,1
1950-01-01,Napoli,,0
1950-01-01,Lazio,,0
1950-01-01,Fiorentina,,0
1950-01-01,Sampdoria,,0
1950-01-01,Hellas Verona,,0
1950-01-01,Cagliari,,0
1950-01-01,Casale,,1
1950-01-01,Novese,,1
,,,
1951-01-01,Juventus,,8
1951-01-01,Inter,,5
1951-01-01,Milan,,4
1951-01-01,Genoa,,9
1951-01-01,Bologna,,6
1951-01-01,Torino,,6
1951-01-01,Pro Vercelli,,7
1951-01-01,Roma,,1
1951-01-01,Napoli,,0
1951-01-01,Lazio,,0
1951-01-01,Fiorentina,,0
1951-01-01,Sampdoria,,0
1951-01-01,Hellas Verona,,0
1951-01-01,Cagliari,,0
1951-01-01,Casale,,1
1951-01-01,Novese,,1
,,,
1952-01-01,Juventus,,9
1952-01-01,Inter,,5
1952-01-01,Milan,,4
1952-01-01,Genoa,,9
1952-01-01,Bologna,,6
1952-01-01,Torino,,6
1952-01-01,Pro Vercelli,,7
1952-01-01,Roma,,1
1952-01-01,Napoli,,0
1952-01-01,Lazio,,0
1952-01-01,Fiorentina,,0
1952-01-01,Sampdoria,,0
1952-01-01,Hellas Verona,,0
1952-01-01,Cagliari,,0
1952-01-01,Casale,,1
1952-01-01,Novese,,1
,,,
1953-01-01,Juventus,,9
1953-01-01,Inter,,6
1953-01-01,Milan,,4
1953-01-01,Genoa,,9
1953-01-01,Bologna,,6
1953-01-01,Torino,,6
1953-01-01,Pro Vercelli,,7
1953-01-01,Roma,,1
1953-01-01,Napoli,,0
1953-01-01,Lazio,,0
1953-01-01,Fiorentina,,0
1953-01-01,Sampdoria,,0
1953-01-01,Hellas Verona,,0
1953-01-01,Cagliari,,0
1953-01-01,Casale,,1
1953-01-01,Novese,,1
,,,
1954-01-01,Juventus,,9
1954-01-01,Inter,,7
1954-01-01,Milan,,4
1954-01-01,Genoa,,9
1954-01-01,Bologna,,6
1954-01-01,Torino,,6
1954-01-01,Pro Vercelli,,7
1954-01-01,Roma,,1
1954-01-01,Napoli,,0
1954-01-01,Lazio,,0
1954-01-01,Fiorentina,,0
1954-01-01,Sampdoria,,0
1954-01-01,Hellas Verona,,0
1954-01-01,Cagliari,,0
1954-01-01,Casale,,1
1954-01-01,Novese,,1
,,,
1955-01-01,Juventus,,9
1955-01-01,Inter,,7
1955-01-01,Milan,,5
1955-01-01,Genoa,,9
1955-01-01,Bologna,,6
1955-01-01,Torino,,6
1955-01-01,Pro Vercelli,,7
1955-01-01,Roma,,1
1955-01-01,Napoli,,0
1955-01-01,Lazio,,0
1955-01-01,Fiorentina,,0
1955-01-01,Sampdoria,,0
1955-01-01,Hellas Verona,,0
1955-01-01,Cagliari,,0
1955-01-01,Casale,,1
1955-01-01,Novese,,1
,,,
1956-01-01,Juventus,,9
1956-01-01,Inter,,7
1956-01-01,Milan,,5
1956-01-01,Genoa,,9
1956-01-01,Bologna,,6
1956-01-01,Torino,,6
1956-01-01,Pro Vercelli,,7
1956-01-01,Roma,,1
1956-01-01,Napoli,,0
1956-01-01,Lazio,,0
1956-01-01,Fiorentina,,1
1956-01-01,Sampdoria,,0
1956-01-01,Hellas Verona,,0
1956-01-01,Cagliari,,0
1956-01-01,Casale,,1
1956-01-01,Novese,,1
,,,
1957-01-01,Juventus,,9
1957-01-01,Inter,,7
1957-01-01,Milan,,6
1957-01-01,Genoa,,9
1957-01-01,Bologna,,6
1957-01-01,Torino,,6
1957-01-01,Pro Vercelli,,7
1957-01-01,Roma,,1
1957-01-01,Napoli,,0
1957-01-01,Lazio,,0
1957-01-01,Fiorentina,,1
1957-01-01,Sampdoria,,0
1957-01-01,Hellas Verona,,0
1957-01-01,Cagliari,,0
1957-01-01,Casale,,1
1957-01-01,Novese,,1
,,,
1958-01-01,Juventus,,10
1958-01-01,Inter,,7
1958-01-01,Milan,,6
1958-01-01,Genoa,,9
1958-01-01,Bologna,,6
1958-01-01,Torino,,6
1958-01-01,Pro Vercelli,,7
1958-01-01,Roma,,1
1958-01-01,Napoli,,0
1958-01-01,Lazio,,0
1958-01-01,Fiorentina,,1
1958-01-01,Sampdoria,,0
1958-01-01,Hellas Verona,,0
1958-01-01,Cagliari,,0
1958-01-01,Casale,,1
1958-01-01,Novese,,1
,,,
1959-01-01,Juventus,,10
1959-01-01,Inter,,7
1959-01-01,Milan,,7
1959-01-01,Genoa,,9
1959-01-01,Bologna,,6
1959-01-01,Torino,,6
1959-01-01,Pro Vercelli,,7
1959-01-01,Roma,,1
1959-01-01,Napoli,,0
1959-01-01,Lazio,,0
1959-01-01,Fiorentina,,1
1959-01-01,Sampdoria,,0
1959-01-01,Hellas Verona,,0
1959-01-01,Cagliari,,0
1959-01-01,Casale,,1
1959-01-01,Novese,,1
,,,
1960-01-01,Juventus,,11
1960-01-01,Inter,,7
1960-01-01,Milan,,7
1960-01-01,Genoa,,9
1960-01-01,Bologna,,6
1960-01-01,Torino,,6
1960-01-01,Pro Vercelli,,7
1960-01-01,Roma,,1
1960-01-01,Napoli,,0
1960-01-01,Lazio,,0
1960-01-01,Fiorentina,,1
1960-01-01,Sampdoria,,0
1960-01-01,Hellas Verona,,0
1960-01-01,Cagliari,,0
1960-01-01,Casale,,1
1960-01-01,Novese,,1
,,,
1961-01-01,Juventus,,12
1961-01-01,Inter,,7
1961-01-01,Milan,,7
1961-01-01,Genoa,,9
1961-01-01,Bologna,,6
1961-01-01,Torino,,6
1961-01-01,Pro Vercelli,,7
1961-01-01,Roma,,1
1961-01-01,Napoli,,0
1961-01-01,Lazio,,0
1961-01-01,Fiorentina,,1
1961-01-01,Sampdoria,,0
1961-01-01,Hellas Verona,,0
1961-01-01,Cagliari,,0
1961-01-01,Casale,,1
1961-01-01,Novese,,1
,,,
1962-01-01,Juventus,,12
1962-01-01,Inter,,7
1962-01-01,Milan,,8
1962-01-01,Genoa,,9
1962-01-01,Bologna,,6
1962-01-01,Torino,,6
1962-01-01,Pro Vercelli,,7
1962-01-01,Roma,,1
1962-01-01,Napoli,,0
1962-01-01,Lazio,,0
1962-01-01,Fiorentina,,1
1962-01-01,Sampdoria,,0
1962-01-01,Hellas Verona,,0
1962-01-01,Cagliari,,0
1962-01-01,Casale,,1
1962-01-01,Novese,,1
,,,
1963-01-01,Juventus,,12
1963-01-01,Inter,,8
1963-01-01,Milan,,8
1963-01-01,Genoa,,9
1963-01-01,Bologna,,6
1963-01-01,Torino,,6
1963-01-01,Pro Vercelli,,7
1963-01-01,Roma,,1
1963-01-01,Napoli,,0
1963-01-01,Lazio,,0
1963-01-01,Fiorentina,,1
1963-01-01,Sampdoria,,0
1963-01-01,Hellas Verona,,0
1963-01-01,Cagliari,,0
1963-01-01,Casale,,1
1963-01-01,Novese,,1
,,,
1964-01-01,Juventus,,12
1964-01-01,Inter,,8
1964-01-01,Milan,,8
1964-01-01,Genoa,,9
1964-01-01,Bologna,,7
1964-01-01,Torino,,6
1964-01-01,Pro Vercelli,,7
1964-01-01,Roma,,1
1964-01-01,Napoli,,0
1964-01-01,Lazio,,0
1964-01-01,Fiorentina,,1
1964-01-01,Sampdoria,,0
1964-01-01,Hellas Verona,,0
1964-01-01,Cagliari,,0
1964-01-01,Casale,,1
1964-01-01,Novese,,1
,,,
1965-01-01,Juventus,,12
1965-01-01,Inter,,9
1965-01-01,Milan,,8
1965-01-01,Genoa,,9
1965-01-01,Bologna,,7
1965-01-01,Torino,,6
1965-01-01,Pro Vercelli,,7
1965-01-01,Roma,,1
1965-01-01,Napoli,,0
1965-01-01,Lazio,,0
1965-01-01,Fiorentina,,1
1965-01-01,Sampdoria,,0
1965-01-01,Hellas Verona,,0
1965-01-01,Cagliari,,0
1965-01-01,Casale,,1
1965-01-01,Novese,,1
,,,
1966-01-01,Juventus,,12
1966-01-01,Inter,,10
1966-01-01,Milan,,8
1966-01-01,Genoa,,9
1966-01-01,Bologna,,7
1966-01-01,Torino,,6
1966-01-01,Pro Vercelli,,7
1966-01-01,Roma,,1
1966-01-01,Napoli,,0
1966-01-01,Lazio,,0
1966-01-01,Fiorentina,,1
1966-01-01,Sampdoria,,0
1966-01-01,Hellas Verona,,0
1966-01-01,Cagliari,,0
1966-01-01,Casale,,1
1966-01-01,Novese,,1
,,,
1967-01-01,Juventus,,13
1967-01-01,Inter,,10
1967-01-01,Milan,,8
1967-01-01,Genoa,,9
1967-01-01,Bologna,,7
1967-01-01,Torino,,6
1967-01-01,Pro Vercelli,,7
1967-01-01,Roma,,1
1967-01-01,Napoli,,0
1967-01-01,Lazio,,0
1967-01-01,Fiorentina,,1
1967-01-01,Sampdoria,,0
1967-01-01,Hellas Verona,,0
1967-01-01,Cagliari,,0
1967-01-01,Casale,,1
1967-01-01,Novese,,1
,,,
1968-01-01,Juventus,,13
1968-01-01,Inter,,10
1968-01-01,Milan,,9
1968-01-01,Genoa,,9
1968-01-01,Bologna,,7
1968-01-01,Torino,,6
1968-01-01,Pro Vercelli,,7
1968-01-01,Roma,,1
1968-01-01,Napoli,,0
1968-01-01,Lazio,,0
1968-01-01,Fiorentina,,1
1968-01-01,Sampdoria,,0
1968-01-01,Hellas Verona,,0
1968-01-01,Cagliari,,0
1968-01-01,Casale,,1
1968-01-01,Novese,,1
,,,
1969-01-01,Juventus,,13
1969-01-01,Inter,,10
1969-01-01,Milan,,9
1969-01-01,Genoa,,9
1969-01-01,Bologna,,7
1969-01-01,Torino,,6
1969-01-01,Pro Vercelli,,7
1969-01-01,Roma,,1
1969-01-01,Napoli,,0
1969-01-01,Lazio,,0
1969-01-01,Fiorentina,,2
1969-01-01,Sampdoria,,0
1969-01-01,Hellas Verona,,0
1969-01-01,Cagliari,,0
1969-01-01,Casale,,1
1969-01-01,Novese,,1
,,,
1970-01-01,Juventus,,13
1970-01-01,Inter,,10
1970-01-01,Milan,,9
1970-01-01,Genoa,,9
1970-01-01,Bologna,,7
1970-01-01,Torino,,6
1970-01-01,Pro Vercelli,,7
1970-01-01,Roma,,1
1970-01-01,Napoli,,0
1970-01-01,Lazio,,0
1970-01-01,Fiorentina,,2
1970-01-01,Sampdoria,,0
1970-01-01,Hellas Verona,,0
1970-01-01,Cagliari,,1
1970-01-01,Casale,,1
1970-01-01,Novese,,1
,,,
1971-01-01,Juventus,,13
1971-01-01,Inter,,11
1971-01-01,Milan,,9
1971-01-01,Genoa,,9
1971-01-01,Bologna,,7
1971-01-01,Torino,,6
1971-01-01,Pro Vercelli,,7
1971-01-01,Roma,,1
1971-01-01,Napoli,,0
1971-01-01,Lazio,,0
1971-01-01,Fiorentina,,2
1971-01-01,Sampdoria,,0
1971-01-01,Hellas Verona,,0
1971-01-01,Cagliari,,1
1971-01-01,Casale,,1
1971-01-01,Novese,,1
,,,
1972-01-01,Juventus,,14
1972-01-01,Inter,,11
1972-01-01,Milan,,9
1972-01-01,Genoa,,9
1972-01-01,Bologna,,7
1972-01-01,Torino,,6
1972-01-01,Pro Vercelli,,7
1972-01-01,Roma,,1
1972-01-01,Napoli,,0
1972-01-01,Lazio,,0
1972-01-01,Fiorentina,,2
1972-01-01,Sampdoria,,0
1972-01-01,Hellas Verona,,0
1972-01-01,Cagliari,,1
1972-01-01,Casale,,1
1972-01-01,Novese,,1
,,,
1973-01-01,Juventus,,15
1973-01-01,Inter,,11
1973-01-01,Milan,,9
1973-01-01,Genoa,,9
1973-01-01,Bologna,,7
1973-01-01,Torino,,6
1973-01-01,Pro Vercelli,,7
1973-01-01,Roma,,1
1973-01-01,Napoli,,0
1973-01-01,Lazio,,0
1973-01-01,Fiorentina,,2
1973-01-01,Sampdoria,,0
1973-01-01,Hellas Verona,,0
1973-01-01,Cagliari,,1
1973-01-01,Casale,,1
1973-01-01,Novese,,1
,,,
1974-01-01,Juventus,,15
1974-01-01,Inter,,11
1974-01-01,Milan,,9
1974-01-01,Genoa,,9
1974-01-01,Bologna,,7
1974-01-01,Torino,,6
1974-01-01,Pro Vercelli,,7
1974-01-01,Roma,,1
1974-01-01,Napoli,,0
1974-01-01,Lazio,,1
1974-01-01,Fiorentina,,2
1974-01-01,Sampdoria,,0
1974-01-01,Hellas Verona,,0
1974-01-01,Cagliari,,1
1974-01-01,Casale,,1
1974-01-01,Novese,,1
,,,
1975-01-01,Juventus,,16
1975-01-01,Inter,,11
1975-01-01,Milan,,9
1975-01-01,Genoa,,9
1975-01-01,Bologna,,7
1975-01-01,Torino,,6
1975-01-01,Pro Vercelli,,7
1975-01-01,Roma,,1
1975-01-01,Napoli,,0
1975-01-01,Lazio,,1
1975-01-01,Fiorentina,,2
1975-01-01,Sampdoria,,0
1975-01-01,Hellas Verona,,0
1975-01-01,Cagliari,,1
1975-01-01,Casale,,1
1975-01-01,Novese,,1
,,,
1976-01-01,Juventus,,16
1976-01-01,Inter,,11
1976-01-01,Milan,,9
1976-01-01,Genoa,,9
1976-01-01,Bologna,,7
1976-01-01,Torino,,7
1976-01-01,Pro Vercelli,,7
1976-01-01,Roma,,1
1976-01-01,Napoli,,0
1976-01-01,Lazio,,1
1976-01-01,Fiorentina,,2
1976-01-01,Sampdoria,,0
1976-01-01,Hellas Verona,,0
1976-01-01,Cagliari,,1
1976-01-01,Casale,,1
1976-01-01,Novese,,1
,,,
1977-01-01,Juventus,,17
1977-01-01,Inter,,11
1977-01-01,Milan,,9
1977-01-01,Genoa,,9
1977-01-01,Bologna,,7
1977-01-01,Torino,,7
1977-01-01,Pro Vercelli,,7
1977-01-01,Roma,,1
1977-01-01,Napoli,,0
1977-01-01,Lazio,,1
1977-01-01,Fiorentina,,2
1977-01-01,Sampdoria,,0
1977-01-01,Hellas Verona,,0
1977-01-01,Cagliari,,1
1977-01-01,Casale,,1
1977-01-01,Novese,,1
,,,
1978-01-01,Juventus,,18
1978-01-01,Inter,,11
1978-01-01,Milan,,9
1978-01-01,Genoa,,9
1978-01-01,Bologna,,7
1978-01-01,Torino,,7
1978-01-01,Pro Vercelli,,7
1978-01-01,Roma,,1
1978-01-01,Napoli,,0
1978-01-01,Lazio,,1
1978-01-01,Fiorentina,,2
1978-01-01,Sampdoria,,0
1978-01-01,Hellas Verona,,0
1978-01-01,Cagliari,,1
1978-01-01,Casale,,1
1978-01-01,Novese,,1
,,,
1979-01-01,Juventus,,18
1979-01-01,Inter,,11
1979-01-01,Milan,,10
1979-01-01,Genoa,,9
1979-01-01,Bologna,,7
1979-01-01,Torino,,7
1979-01-01,Pro Vercelli,,7
1979-01-01,Roma,,1
1979-01-01,Napoli,,0
1979-01-01,Lazio,,1
1979-01-01,Fiorentina,,2
1979-01-01,Sampdoria,,0
1979-01-01,Hellas Verona,,0
1979-01-01,Cagliari,,1
1979-01-01,Casale,,1
1979-01-01,Novese,,1
,,,
1980-01-01,Juventus,,18
1980-01-01,Inter,,12
1980-01-01,Milan,,10
1980-01-01,Genoa,,9
1980-01-01,Bologna,,7
1980-01-01,Torino,,7
1980-01-01,Pro Vercelli,,7
1980-01-01,Roma,,1
1980-01-01,Napoli,,0
1980-01-01,Lazio,,1
1980-01-01,Fiorentina,,2
1980-01-01,Sampdoria,,0
1980-01-01,Hellas Verona,,0
1980-01-01,Cagliari,,1
1980-01-01,Casale,,1
1980-01-01,Novese,,1
,,,
1981-01-01,Juventus,,19
1981-01-01,Inter,,12
1981-01-01,Milan,,10
1981-01-01,Genoa,,9
1981-01-01,Bologna,,7
1981-01-01,Torino,,7
1981-01-01,Pro Vercelli,,7
1981-01-01,Roma,,1
1981-01-01,Napoli,,0
1981-01-01,Lazio,,1
1981-01-01,Fiorentina,,2
1981-01-01,Sampdoria,,0
1981-01-01,Hellas Verona,,0
1981-01-01,Cagliari,,1
1981-01-01,Casale,,1
1981-01-01,Novese,,1
,,,
1982-01-01,Juventus,,20
1982-01-01,Inter,,12
1982-01-01,Milan,,10
1982-01-01,Genoa,,9
1982-01-01,Bologna,,7
1982-01-01,Torino,,7
1982-01-01,Pro Vercelli,,7
1982-01-01,Roma,,1
1982-01-01,Napoli,,0
1982-01-01,Lazio,,1
1982-01-01,Fiorentina,,2
1982-01-01,Sampdoria,,0
1982-01-01,Hellas Verona,,0
1982-01-01,Cagliari,,1
1982-01-01,Casale,,1
1982-01-01,Novese,,1
,,,
1983-01-01,Juventus,,20
1983-01-01,Inter,,12
1983-01-01,Milan,,10
1983-01-01,Genoa,,9
1983-01-01,Bologna,,7
1983-01-01,Torino,,7
1983-01-01,Pro Vercelli,,7
1983-01-01,Roma,,2
1983-01-01,Napoli,,0
1983-01-01,Lazio,,1
1983-01-01,Fiorentina,,2
1983-01-01,Sampdoria,,0
1983-01-01,Hellas Verona,,0
1983-01-01,Cagliari,,1
1983-01-01,Casale,,1
1983-01-01,Novese,,1
,,,
1984-01-01,Juventus,,21
1984-01-01,Inter,,12
1984-01-01,Milan,,10
1984-01-01,Genoa,,9
1984-01-01,Bologna,,7
1984-01-01,Torino,,7
1984-01-01,Pro Vercelli,,7
1984-01-01,Roma,,2
1984-01-01,Napoli,,0
1984-01-01,Lazio,,1
1984-01-01,Fiorentina,,2
1984-01-01,Sampdoria,,0
1984-01-01,Hellas Verona,,0
1984-01-01,Cagliari,,1
1984-01-01,Casale,,1
1984-01-01,Novese,,1
,,,
1985-01-01,Juventus,,21
1985-01-01,Inter,,12
1985-01-01,Milan,,10
1985-01-01,Genoa,,9
1985-01-01,Bologna,,7
1985-01-01,Torino,,7
1985-01-01,Pro Vercelli,,7
1985-01-01,Roma,,2
1985-01-01,Napoli,,0
1985-01-01,Lazio,,1
1985-01-01,Fiorentina,,2
1985-01-01,Sampdoria,,0
1985-01-01,Hellas Verona,,1
1985-01-01,Cagliari,,1
1985-01-01,Casale,,1
1985-01-01,Novese,,1
,,,
1986-01-01,Juventus,,22
1986-01-01,Inter,,12
1986-01-01,Milan,,10
1986-01-01,Genoa,,9
1986-01-01,Bologna,,7
1986-01-01,Torino,,7
1986-01-01,Pro Vercelli,,7
1986-01-01,Roma,,2
1986-01-01,Napoli,,0
1986-01-01,Lazio,,1
1986-01-01,Fiorentina,,2
1986-01-01,Sampdoria,,0
1986-01-01,Hellas Verona,,1
1986-01-01,Cagliari,,1
1986-01-01,Casale,,1
1986-01-01,Novese,,1
,,,
1987-01-01,Juventus,,22
1987-01-01,Inter,,12
1987-01-01,Milan,,10
1987-01-01,Genoa,,9
1987-01-01,Bologna,,7
1987-01-01,Torino,,7
1987-01-01,Pro Vercelli,,7
1987-01-01,Roma,,2
1987-01-01,Napoli,,1
1987-01-01,Lazio,,1
1987-01-01,Fiorentina,,2
1987-01-01,Sampdoria,,0
1987-01-01,Hellas Verona,,1
1987-01-01,Cagliari,,1
1987-01-01,Casale,,1
1987-01-01,Novese,,1
,,,
1988-01-01,Juventus,,22
1988-01-01,Inter,,12
1988-01-01,Milan,,11
1988-01-01,Genoa,,9
1988-01-01,Bologna,,7
1988-01-01,Torino,,7
1988-01-01,Pro Vercelli,,7
1988-01-01,Roma,,2
1988-01-01,Napoli,,1
1988-01-01,Lazio,,1
1988-01-01,Fiorentina,,2
1988-01-01,Sampdoria,,0
1988-01-01,Hellas Verona,,1
1988-01-01,Cagliari,,1
1988-01-01,Casale,,1
1988-01-01,Novese,,1
,,,
1989-01-01,Juventus,,22
1989-01-01,Inter,,13
1989-01-01,Milan,,11
1989-01-01,Genoa,,9
1989-01-01,Bologna,,7
1989-01-01,Torino,,7
1989-01-01,Pro Vercelli,,7
1989-01-01,Roma,,2
1989-01-01,Napoli,,1
1989-01-01,Lazio,,1
1989-01-01,Fiorentina,,2
1989-01-01,Sampdoria,,0
1989-01-01,Hellas Verona,,1
1989-01-01,Cagliari,,1
1989-01-01,Casale,,1
1989-01-01,Novese,,1
,,,
1990-01-01,Juventus,,22
1990-01-01,Inter,,13
1990-01-01,Milan,,11
1990-01-01,Genoa,,9
1990-01-01,Bologna,,7
1990-01-01,Torino,,7
1990-01-01,Pro Vercelli,,7
1990-01-01,Roma,,2
1990-01-01,Napoli,,2
1990-01-01,Lazio,,1
1990-01-01,Fiorentina,,2
1990-01-01,Sampdoria,,0
1990-01-01,Hellas Verona,,1
1990-01-01,Cagliari,,1
1990-01-01,Casale,,1
1990-01-01,Novese,,1
,,,
1991-01-01,Juventus,,22
1991-01-01,Inter,,13
1991-01-01,Milan,,11
1991-01-01,Genoa,,9
1991-01-01,Bologna,,7
1991-01-01,Torino,,7
1991-01-01,Pro Vercelli,,7
1991-01-01,Roma,,2
1991-01-01,Napoli,,2
1991-01-01,Lazio,,1
1991-01-01,Fiorentina,,2
1991-01-01,Sampdoria,,1
1991-01-01,Hellas Verona,,1
1991-01-01,Cagliari,,1
1991-01-01,Casale,,1
1991-01-01,Novese,,1
,,,
1992-01-01,Juventus,,22
1992-01-01,Inter,,13
1992-01-01,Milan,,12
1992-01-01,Genoa,,9
1992-01-01,Bologna,,7
1992-01-01,Torino,,7
1992-01-01,Pro Vercelli,,7
1992-01-01,Roma,,2
1992-01-01,Napoli,,2
1992-01-01,Lazio,,1
1992-01-01,Fiorentina,,2
1992-01-01,Sampdoria,,1
1992-01-01,Hellas Verona,,1
1992-01-01,Cagliari,,1
1992-01-01,Casale,,1
1992-01-01,Novese,,1
,,,
1993-01-01,Juventus,,22
1993-01-01,Inter,,13
1993-01-01,Milan,,13
1993-01-01,Genoa,,9
1993-01-01,Bologna,,7
1993-01-01,Torino,,7
1993-01-01,Pro Vercelli,,7
1993-01-01,Roma,,2
1993-01-01,Napoli,,2
1993-01-01,Lazio,,1
1993-01-01,Fiorentina,,2
1993-01-01,Sampdoria,,1
1993-01-01,Hellas Verona,,1
1993-01-01,Cagliari,,1
1993-01-01,Casale,,1
1993-01-01,Novese,,1
,,,
1994-01-01,Juventus,,22
1994-01-01,Inter,,13
1994-01-01,Milan,,14
1994-01-01,Genoa,,9
1994-01-01,Bologna,,7
1994-01-01,Torino,,7
1994-01-01,Pro Vercelli,,7
1994-01-01,Roma,,2
1994-01-01,Napoli,,2
1994-01-01,Lazio,,1
1994-01-01,Fiorentina,,2
1994-01-01,Sampdoria,,1
1994-01-01,Hellas Verona,,1
1994-01-01,Cagliari,,1
1994-01-01,Casale,,1
1994-01-01,Novese,,1
,,,
1995-01-01,Juventus,,23
1995-01-01,Inter,,13
1995-01-01,Milan,,14
1995-01-01,Genoa,,9
1995-01-01,Bologna,,7
1995-01-01,Torino,,7
1995-01-01,Pro Vercelli,,7
1995-01-01,Roma,,2
1995-01-01,Napoli,,2
1995-01-01,Lazio,,1
1995-01-01,Fiorentina,,2
1995-01-01,Sampdoria,,1
1995-01-01,Hellas Verona,,1
1995-01-01,Cagliari,,1
1995-01-01,Casale,,1
1995-01-01,Novese,,1
,,,
1996-01-01,Juventus,,23
1996-01-01,Inter,,13
1996-01-01,Milan,,15
1996-01-01,Genoa,,9
1996-01-01,Bologna,,7
1996-01-01,Torino,,7
1996-01-01,Pro Vercelli,,7
1996-01-01,Roma,,2
1996-01-01,Napoli,,2
1996-01-01,Lazio,,1
1996-01-01,Fiorentina,,2
1996-01-01,Sampdoria,,1
1996-01-01,Hellas Verona,,1
1996-01-01,Cagliari,,1
1996-01-01,Casale,,1
1996-01-01,Novese,,1
,,,
1997-01-01,Juventus,,24
1997-01-01,Inter,,13
1997-01-01,Milan,,15
1997-01-01,Genoa,,9
1997-01-01,Bologna,,7
1997-01-01,Torino,,7
1997-01-01,Pro Vercelli,,7
1997-01-01,Roma,,2
1997-01-01,Napoli,,2
1997-01-01,Lazio,,1
1997-01-01,Fiorentina,,2
1997-01-01,Sampdoria,,1
1997-01-01,Hellas Verona,,1
1997-01-01,Cagliari,,1
1997-01-01,Casale,,1
1997-01-01,Novese,,1
,,,
1998-01-01,Juventus,,25
1998-01-01,Inter,,13
1998-01-01,Milan,,15
1998-01-01,Genoa,,9
1998-01-01,Bologna,,7
1998-01-01,Torino,,7
1998-01-01,Pro Vercelli,,7
1998-01-01,Roma,,2
1998-01-01,Napoli,,2
1998-01-01,Lazio,,1
1998-01-01,Fiorentina,,2
1998-01-01,Sampdoria,,1
1998-01-01,Hellas Verona,,1
1998-01-01,Cagliari,,1
1998-01-01,Casale,,1
1998-01-01,Novese,,1
,,,
1999-01-01,Juventus,,25
1999-01-01,Inter,,13
1999-01-01,Milan,,16
1999-01-01,Genoa,,9
1999-01-01,Bologna,,7
1999-01-01,Torino,,7
1999-01-01,Pro Vercelli,,7
1999-01-01,Roma,,2
1999-01-01,Napoli,,2
1999-01-01,Lazio,,1
1999-01-01,Fiorentina,,2
1999-01-01,Sampdoria,,1
1999-01-01,Hellas Verona,,1
1999-01-01,Cagliari,,1
1999-01-01,Casale,,1
1999-01-01,Novese,,1
,,,
2000-01-01,Juventus,,25
2000-01-01,Inter,,13
2000-01-01,Milan,,16
2000-01-01,Genoa,,9
2000-01-01,Bologna,,7
2000-01-01,Torino,,7
2000-01-01,Pro Vercelli,,7
2000-01-01,Roma,,2
2000-01-01,Napoli,,2
2000-01-01,Lazio,,2
2000-01-01,Fiorentina,,2
2000-01-01,Sampdoria,,1
2000-01-01,Hellas Verona,,1
2000-01-01,Cagliari,,1
2000-01-01,Casale,,1
2000-01-01,Novese,,1
,,,
2001-01-01,Juventus,,25
2001-01-01,Inter,,13
2001-01-01,Milan,,16
2001-01-01,Genoa,,9
2001-01-01,Bologna,,7
2001-01-01,Torino,,7
2001-01-01,Pro Vercelli,,7
2001-01-01,Roma,,3
2001-01-01,Napoli,,2
2001-01-01,Lazio,,2
2001-01-01,Fiorentina,,2
2001-01-01,Sampdoria,,1
2001-01-01,Hellas Verona,,1
2001-01-01,Cagliari,,1
2001-01-01,Casale,,1
2001-01-01,Novese,,1
,,,
2002-01-01,Juventus,,26
2002-01-01,Inter,,13
2002-01-01,Milan,,16
2002-01-01,Genoa,,9
2002-01-01,Bologna,,7
2002-01-01,Torino,,7
2002-01-01,Pro Vercelli,,7
2002-01-01,Roma,,3
2002-01-01,Napoli,,2
2002-01-01,Lazio,,2
2002-01-01,Fiorentina,,2
2002-01-01,Sampdoria,,1
2002-01-01,Hellas Verona,,1
2002-01-01,Cagliari,,1
2002-01-01,Casale,,1
2002-01-01,Novese,,1
,,,
2003-01-01,Juventus,,27
2003-01-01,Inter,,13
2003-01-01,Milan,,16
2003-01-01,Genoa,,9
2003-01-01,Bologna,,7
2003-01-01,Torino,,7
2003-01-01,Pro Vercelli,,7
2003-01-01,Roma,,3
2003-01-01,Napoli,,2
2003-01-01,Lazio,,2
2003-01-01,Fiorentina,,2
2003-01-01,Sampdoria,,1
2003-01-01,Hellas Verona,,1
2003-01-01,Cagliari,,1
2003-01-01,Casale,,1
2003-01-01,Novese,,1
,,,
2004-01-01,Juventus,,27
2004-01-01,Inter,,13
2004-01-01,Milan,,17
2004-01-01,Genoa,,9
2004-01-01,Bologna,,7
2004-01-01,Torino,,7
2004-01-01,Pro Vercelli,,7
2004-01-01,Roma,,3
2004-01-01,Napoli,,2
2004-01-01,Lazio,,2
2004-01-01,Fiorentina,,2
2004-01-01,Sampdoria,,1
2004-01-01,Hellas Verona,,1
2004-01-01,Cagliari,,1
2004-01-01,Casale,,1
2004-01-01,Novese,,1
,,,
2005-01-01,Juventus,,27
2005-01-01,Inter,,13
2005-01-01,Milan,,17
2005-01-01,Genoa,,9
2005-01-01,Bologna,,7
2005-01-01,Torino,,7
2005-01-01,Pro Vercelli,,7
2005-01-01,Roma,,3
2005-01-01,Napoli,,2
2005-01-01,Lazio,,2
2005-01-01,Fiorentina,,2
2005-01-01,Sampdoria,,1
2005-01-01,Hellas Verona,,1
2005-01-01,Cagliari,,1
2005-01-01,Casale,,1
2005-01-01,Novese,,1
,,,
2006-01-01,Juventus,,27
2006-01-01,Inter,,14
2006-01-01,Milan,,17
2006-01-01,Genoa,,9
2006-01-01,Bologna,,7
2006-01-01,Torino,,7
2006-01-01,Pro Vercelli,,7
2006-01-01,Roma,,3
2006-01-01,Napoli,,2
2006-01-01,Lazio,,2
2006-01-01,Fiorentina,,2
2006-01-01,Sampdoria,,1
2006-01-01,Hellas Verona,,1
2006-01-01,Cagliari,,1
2006-01-01,Casale,,1
2006-01-01,Novese,,1
,,,
2007-01-01,Juventus,,27
2007-01-01,Inter,,15
2007-01-01,Milan,,17
2007-01-01,Genoa,,9
2007-01-01,Bologna,,7
2007-01-01,Torino,,7
2007-01-01,Pro Vercelli,,7
2007-01-01,Roma,,3
2007-01-01,Napoli,,2
2007-01-01,Lazio,,2
2007-01-01,Fiorentina,,2
2007-01-01,Sampdoria,,1
2007-01-01,Hellas Verona,,1
2007-01-01,Cagliari,,1
2007-01-01,Casale,,1
2007-01-01,Novese,,1
,,,
2008-01-01,Juventus,,27
2008-01-01,Inter,,16
2008-01-01,Milan,,17
2008-01-01,Genoa,,9
2008-01-01,Bologna,,7
2008-01-01,Torino,,7
2008-01-01,Pro Vercelli,,7
2008-01-01,Roma,,3
2008-01-01,Napoli,,2
2008-01-01,Lazio,,2
2008-01-01,Fiorentina,,2
2008-01-01,Sampdoria,,1
2008-01-01,Hellas Verona,,1
2008-01-01,Cagliari,,1
2008-01-01,Casale,,1
2008-01-01,Novese,,1
,,,
2009-01-01,Juventus,,27
2009-01-01,Inter,,17
2009-01-01,Milan,,17
2009-01-01,Genoa,,9
2009-01-01,Bologna,,7
2009-01-01,Torino,,7
2009-01-01,Pro Vercelli,,7
2009-01-01,Roma,,3
2009-01-01,Napoli,,2
2009-01-01,Lazio,,2
2009-01-01,Fiorentina,,2
2009-01-01,Sampdoria,,1
2009-01-01,Hellas Verona,,1
2009-01-01,Cagliari,,1
2009-01-01,Casale,,1
2009-01-01,Novese,,1
,,,
2010-01-01,Juventus,,27
2010-01-01,Inter,,18
2010-01-01,Milan,,17
2010-01-01,Genoa,,9
2010-01-01,Bologna,,7
2010-01-01,Torino,,7
2010-01-01,Pro Vercelli,,7
2010-01-01,Roma,,3
2010-01-01,Napoli,,2
2010-01-01,Lazio,,2
2010-01-01,Fiorentina,,2
2010-01-01,Sampdoria,,1
2010-01-01,Hellas Verona,,1
2010-01-01,Cagliari,,1
2010-01-01,Casale,,1
2010-01-01,Novese,,1
,,,
2011-01-01,Juventus,,27
2011-01-01,Inter,,18
2011-01-01,Milan,,18
2011-01-01,Genoa,,9
2011-01-01,Bologna,,7
2011-01-01,Torino,,7
2011-01-01,Pro Vercelli,,7
2011-01-01,Roma,,3
2011-01-01,Napoli,,2
2011-01-01,Lazio,,2
2011-01-01,Fiorentina,,2
2011-01-01,Sampdoria,,1
2011-01-01,Hellas Verona,,1
2011-01-01,Cagliari,,1
2011-01-01,Casale,,1
2011-01-01,Novese,,1
,,,
2012-01-01,Juventus,,28
2012-01-01,Inter,,18
2012-01-01,Milan,,18
2012-01-01,Genoa,,9
2012-01-01,Bologna,,7
2012-01-01,Torino,,7
2012-01-01,Pro Vercelli,,7
2012-01-01,Roma,,3
2012-01-01,Napoli,,2
2012-01-01,Lazio,,2
2012-01-01,Fiorentina,,2
2012-01-01,Sampdoria,,1
2012-01-01,Hellas Verona,,1
2012-01-01,Cagliari,,1
2012-01-01,Casale,,1
2012-01-01,Novese,,1
,,,
2013-01-01,Juventus,,29
2013-01-01,Inter,,18
2013-01-01,Milan,,18
2013-01-01,Genoa,,9
2013-01-01,Bologna,,7
2013-01-01,Torino,,7
2013-01-01,Pro Vercelli,,7
2013-01-01,Roma,,3
2013-01-01,Napoli,,2
2013-01-01,Lazio,,2
2013-01-01,Fiorentina,,2
2013-01-01,Sampdoria,,1
2013-01-01,Hellas Verona,,1
2013-01-01,Cagliari,,1
2013-01-01,Casale,,1
2013-01-01,Novese,,1
,,,
2014-01-01,Juventus,,30
2014-01-01,Inter,,18
2014-01-01,Milan,,18
2014-01-01,Genoa,,9
2014-01-01,Bologna,,7
2014-01-01,Torino,,7
2014-01-01,Pro Vercelli,,7
2014-01-01,Roma,,3
2014-01-01,Napoli,,2
2014-01-01,Lazio,,2
2014-01-01,Fiorentina,,2
2014-01-01,Sampdoria,,1
2014-01-01,Hellas Verona,,1
2014-01-01,Cagliari,,1
2014-01-01,Casale,,1
2014-01-01,Novese,,1
,,,
2015-01-01,Juventus,,31
2015-01-01,Inter,,18
2015-01-01,Milan,,18
2015-01-01,Genoa,,9
2015-01-01,Bologna,,7
2015-01-01,Torino,,7
2015-01-01,Pro Vercelli,,7
2015-01-01,Roma,,3
2015-01-01,Napoli,,2
2015-01-01,Lazio,,2
2015-01-01,Fiorentina,,2
2015-01-01,Sampdoria,,1
2015-01-01,Hellas Verona,,1
2015-01-01,Cagliari,,1
2015-01-01,Casale,,1
2015-01-01,Novese,,1
,,,
2016-01-01,Juventus,,32
2016-01-01,Inter,,18
2016-01-01,Milan,,18
2016-01-01,Genoa,,9
2016-01-01,Bologna,,7
2016-01-01,Torino,,7
2016-01-01,Pro Vercelli,,7
2016-01-01,Roma,,3
2016-01-01,Napoli,,2
2016-01-01,Lazio,,2
2016-01-01,Fiorentina,,2
2016-01-01,Sampdoria,,1
2016-01-01,Hellas Verona,,1
2016-01-01,Cagliari,,1
2016-01-01,Casale,,1
2016-01-01,Novese,,1
,,,
2017-01-01,Juventus,,33
2017-01-01,Inter,,18
2017-01-01,Milan,,18
2017-01-01,Genoa,,9
2017-01-01,Bologna,,7
2017-01-01,Torino,,7
2017-01-01,Pro Vercelli,,7
2017-01-01,Roma,,3
2017-01-01,Napoli,,2
2017-01-01,Lazio,,2
2017-01-01,Fiorentina,,2
2017-01-01,Sampdoria,,1
2017-01-01,Hellas Verona,,1
2017-01-01,Cagliari,,1
2017-01-01,Casale,,1
2017-01-01,Novese,,1
,,,
2018-01-01,Juventus,,34
2018-01-01,Inter,,18
2018-01-01,Milan,,18
2018-01-01,Genoa,,9
2018-01-01,Bologna,,7
2018-01-01,Torino,,7
2018-01-01,Pro Vercelli,,7
2018-01-01,Roma,,3
2018-01-01,Napoli,,2
2018-01-01,Lazio,,2
2018-01-01,Fiorentina,,2
2018-01-01,Sampdoria,,1
2018-01-01,Hellas Verona,,1
2018-01-01,Cagliari,,1
2018-01-01,Casale,,1
2018-01-01,Novese,,1
,,,
2019-01-01,Juventus,,35
2019-01-01,Inter,,18
2019-01-01,Milan,,18
2019-01-01,Genoa,,9
2019-01-01,Bologna,,7
2019-01-01,Torino,,7
2019-01-01,Pro Vercelli,,7
2019-01-01,Roma,,3
2019-01-01,Napoli,,2
2019-01-01,Lazio,,2
2019-01-01,Fiorentina,,2
2019-01-01,Sampdoria,,1
2019-01-01,Hellas Verona,,1
2019-01-01,Cagliari,,1
2019-01-01,Casale,,1
2019-01-01,Novese,,1
,,,
2020-01-01,Juventus,,36
2020-01-01,Inter,,18
2020-01-01,Milan,,18
2020-01-01,Genoa,,9
2020-01-01,Bologna,,7
2020-01-01,Torino,,7
2020-01-01,Pro Vercelli,,7
2020-01-01,Roma,,3
2020-01-01,Napoli,,2
2020-01-01,Lazio,,2
2020-01-01,Fiorentina,,2
2020-01-01,Sampdoria,,1
2020-01-01,Hellas Verona,,1
2020-01-01,Cagliari,,1
2020-01-01,Casale,,1
2020-01-01,Novese,,1
,,,
2021-01-01,Juventus,,36
2021-01-01,Inter,,19
2021-01-01,Milan,,18
2021-01-01,Genoa,,9
2021-01-01,Bologna,,7
2021-01-01,Torino,,7
2021-01-01,Pro Vercelli,,7
2021-01-01,Roma,,3
2021-01-01,Napoli,,2
2021-01-01,Lazio,,2
2021-01-01,Fiorentina,,2
2021-01-01,Sampdoria,,1
2021-01-01,Hellas Verona,,1
2021-01-01,Cagliari,,1
2021-01-01,Casale,,1
2021-01-01,Novese,,1
,,,
2022-01-01,Juventus,,36
2022-01-01,Inter,,19
2022-01-01,Milan,,19
2022-01-01,Genoa,,9
2022-01-01,Bologna,,7
2022-01-01,Torino,,7
2022-01-01,Pro Vercelli,,7
2022-01-01,Roma,,3
2022-01-01,Napoli,,2
2022-01-01,Lazio,,2
2022-01-01,Fiorentina,,2
2022-01-01,Sampdoria,,1
2022-01-01,Hellas Verona,,1
2022-01-01,Cagliari,,1
2022-01-01,Casale,,1
2022-01-01,Novese,,1
,,,
2023-01-01,Juventus,,36
2023-01-01,Inter,,19
2023-01-01,Milan,,19
2023-01-01,Genoa,,9
2023-01-01,Bologna,,7
2023-01-01,Torino,,7
2023-01-01,Pro Vercelli,,7
2023-01-01,Roma,,3
2023-01-01,Napoli,,3
2023-01-01,Lazio,,2
2023-01-01,Fiorentina,,2
2023-01-01,Sampdoria,,1
2023-01-01,Hellas Verona,,1
2023-01-01,Cagliari,,1
2023-01-01,Casale,,1
2023-01-01,Novese,,1
